{
    "parameters": {
        "data_mu": 0.0,
        "memory_mu": 66.47436110520204,
        "oblivion": 0.5552860347776638
    },
    "score": 14217.5
}