{
    "parameters": {
        "data_mu": 9.997491581800292,
        "memory_mu": 44.58327528535912,
        "oblivion": 0.5968501579464871
    },
    "score": 15260.100586000002
}