{
    "parameters": {
        "data_mu": 0.0,
        "memory_mu": 67.46970172895765,
        "oblivion": 0.5635195947236639
    },
    "score": 14217.5
}