{
    "parameters": {
        "data_mu": 0.0,
        "memory_mu": 69.72444413162775,
        "oblivion": 0.5739056772050557
    },
    "score": 14217.5
}