{
    "parameters": {
        "data_mu": 85.99404067363207,
        "memory_mu": 46.676289324798006,
        "oblivion": 0.9832308858067884
    },
    "score": 16576.099609
}