{
    "parameters": {
        "data_mu": 39.98609717152556,
        "memory_mu": 52.47746602583893,
        "oblivion": 0.02306242504141576
    },
    "score": 16290.100586000002
}