{
    "parameters": {
        "data_mu": 0.5233510260916714,
        "memory_mu": 63.931703843632945,
        "oblivion": 0.46600654270516045
    },
    "score": 14296.398438
}