{
    "parameters": {
        "data_mu": 14.28668179219408,
        "memory_mu": 33.37086111390219,
        "oblivion": 0.45924889196586727
    },
    "score": 15687.898438
}