{
    "parameters": {
        "data_mu": 0.0,
        "memory_mu": 70.01664902176171,
        "oblivion": 0.5746078470921108
    },
    "score": 14217.5
}