{
    "parameters": {
        "data_mu": 72.19987722668249,
        "memory_mu": 5.641157902710027,
        "oblivion": 0.650888472948853
    },
    "score": 16529.599609
}