{
    "parameters": {
        "data_mu": 0.0,
        "memory_mu": 68.48594896072518,
        "oblivion": 0.5695785985827383
    },
    "score": 14217.5
}