{
    "parameters": {
        "data_mu": 0.0,
        "memory_mu": 69.87495425273282,
        "oblivion": 0.5742824531183933
    },
    "score": 14217.5
}