{
    "parameters": {
        "data_mu": 99.22115592912178,
        "memory_mu": 0.07787658410143286,
        "oblivion": 0.9385527090157504
    },
    "score": 16568.099609
}