{
    "parameters": {
        "data_mu": 38.246199126716284,
        "memory_mu": 61.83860093330874,
        "oblivion": 0.09060643453282081
    },
    "score": 16330.100586000002
}