{
    "parameters": {
        "data_mu": 0.0,
        "memory_mu": 69.38544448295691,
        "oblivion": 0.5729903121715754
    },
    "score": 14217.5
}