{
    "parameters": {
        "data_mu": 1.2921022732888607,
        "memory_mu": 64.2604048057046,
        "oblivion": 0.5099893047831051
    },
    "score": 14483.299805
}