{
    "parameters": {
        "data_mu": 0.0,
        "memory_mu": 67.01836277795883,
        "oblivion": 0.5600482099920971
    },
    "score": 14217.5
}