{
    "parameters": {
        "data_mu": 0.0,
        "memory_mu": 68.9803047015782,
        "oblivion": 0.5716526770221778
    },
    "score": 14217.5
}