{
    "parameters": {
        "data_mu": 0.0,
        "memory_mu": 68.19225002996731,
        "oblivion": 0.5680722003001576
    },
    "score": 14217.5
}