{
    "parameters": {
        "data_mu": 0.0,
        "memory_mu": 69.56139242495755,
        "oblivion": 0.5734918275936167
    },
    "score": 14217.5
}