{
    "parameters": {
        "data_mu": 77.96910002727695,
        "memory_mu": 18.343478986616383,
        "oblivion": 0.7965429868602331
    },
    "score": 16589.201172
}