{
    "parameters": {
        "data_mu": 0.706552551132958,
        "memory_mu": 67.98425299985068,
        "oblivion": 0.617481548623852
    },
    "score": 14293.099609
}