{
    "parameters": {
        "data_mu": 0.0,
        "memory_mu": 68.74670686336522,
        "oblivion": 0.5707393706093485
    },
    "score": 14217.5
}