{
    "parameters": {
        "data_mu": 0.7066305219717408,
        "memory_mu": 61.1653160488281,
        "oblivion": 0.6174815096277166
    },
    "score": 14293.099609
}