{
    "parameters": {
        "data_mu": 0.0,
        "memory_mu": 67.85591403440475,
        "oblivion": 0.5661162290295109
    },
    "score": 14217.5
}