{
    "parameters": {
        "data_mu": 0.0,
        "memory_mu": 69.19181413288568,
        "oblivion": 0.5723996249668541
    },
    "score": 14217.5
}