{
    "parameters": {
        "data_mu": 23.27713404303043,
        "memory_mu": 97.37555188414593,
        "oblivion": 0.046665663213615434
    },
    "score": 14944.201172
}